,k,op,dp,q
0,0.0,0.0,0.0,0.0
1,11111.111111111111,0.0,0.0,0.0
2,22222.222222222223,0.0,0.0,0.0
3,33333.333333333336,0.0,0.0,0.0
4,44444.444444444445,0.0,0.0,0.0
5,55555.555555555555,0.0,0.0,0.0
6,66666.66666666667,0.0,0.0,0.0
7,77777.77777777778,0.0,0.0,0.0
8,88888.88888888889,0.0,0.0,0.0
9,100000.0,0.0,0.0,0.0
10,0.0,0.0,22.22222222222222,0.0
11,11111.111111111111,0.0,22.22222222222222,0.0
12,22222.222222222223,0.0,22.22222222222222,0.0
13,33333.333333333336,0.0,22.22222222222222,0.0
14,44444.444444444445,0.0,22.22222222222222,0.0
15,55555.555555555555,0.0,22.22222222222222,0.0
16,66666.66666666667,0.0,22.22222222222222,0.0
17,77777.77777777778,0.0,22.22222222222222,0.0
18,88888.88888888889,0.0,22.22222222222222,0.0
19,100000.0,0.0,22.22222222222222,0.0
20,0.0,0.0,44.44444444444444,0.0
21,11111.111111111111,0.0,44.44444444444444,0.0
22,22222.222222222223,0.0,44.44444444444444,0.0
23,33333.333333333336,0.0,44.44444444444444,0.0
24,44444.444444444445,0.0,44.44444444444444,0.0
25,55555.555555555555,0.0,44.44444444444444,0.0
26,66666.66666666667,0.0,44.44444444444444,0.0
27,77777.77777777778,0.0,44.44444444444444,0.0
28,88888.88888888889,0.0,44.44444444444444,0.0
29,100000.0,0.0,44.44444444444444,0.0
30,0.0,0.0,66.66666666666666,0.0
31,11111.111111111111,0.0,66.66666666666666,0.0
32,22222.222222222223,0.0,66.66666666666666,0.0
33,33333.333333333336,0.0,66.66666666666666,0.0
34,44444.444444444445,0.0,66.66666666666666,0.0
35,55555.555555555555,0.0,66.66666666666666,0.0
36,66666.66666666667,0.0,66.66666666666666,0.0
37,77777.77777777778,0.0,66.66666666666666,0.0
38,88888.88888888889,0.0,66.66666666666666,0.0
39,100000.0,0.0,66.66666666666666,0.0
40,0.0,0.0,88.88888888888889,0.0
41,11111.111111111111,0.0,88.88888888888889,0.0
42,22222.222222222223,0.0,88.88888888888889,0.0
43,33333.333333333336,0.0,88.88888888888889,0.0
44,44444.444444444445,0.0,88.88888888888889,0.0
45,55555.555555555555,0.0,88.88888888888889,0.0
46,66666.66666666667,0.0,88.88888888888889,0.0
47,77777.77777777778,0.0,88.88888888888889,0.0
48,88888.88888888889,0.0,88.88888888888889,0.0
49,100000.0,0.0,88.88888888888889,0.0
50,0.0,0.0,111.11111111111111,0.0
51,11111.111111111111,0.0,111.11111111111111,0.0
52,22222.222222222223,0.0,111.11111111111111,0.0
53,33333.333333333336,0.0,111.11111111111111,0.0
54,44444.444444444445,0.0,111.11111111111111,0.0
55,55555.555555555555,0.0,111.11111111111111,0.0
56,66666.66666666667,0.0,111.11111111111111,0.0
57,77777.77777777778,0.0,111.11111111111111,0.0
58,88888.88888888889,0.0,111.11111111111111,0.0
59,100000.0,0.0,111.11111111111111,0.0
60,0.0,0.0,133.33333333333331,0.0
61,11111.111111111111,0.0,133.33333333333331,0.0
62,22222.222222222223,0.0,133.33333333333331,0.0
63,33333.333333333336,0.0,133.33333333333331,0.0
64,44444.444444444445,0.0,133.33333333333331,0.0
65,55555.555555555555,0.0,133.33333333333331,0.0
66,66666.66666666667,0.0,133.33333333333331,0.0
67,77777.77777777778,0.0,133.33333333333331,0.0
68,88888.88888888889,0.0,133.33333333333331,0.0
69,100000.0,0.0,133.33333333333331,0.0
70,0.0,0.0,155.55555555555554,0.0
71,11111.111111111111,0.0,155.55555555555554,0.0
72,22222.222222222223,0.0,155.55555555555554,0.0
73,33333.333333333336,0.0,155.55555555555554,0.0
74,44444.444444444445,0.0,155.55555555555554,0.0
75,55555.555555555555,0.0,155.55555555555554,0.0
76,66666.66666666667,0.0,155.55555555555554,0.0
77,77777.77777777778,0.0,155.55555555555554,0.0
78,88888.88888888889,0.0,155.55555555555554,0.0
79,100000.0,0.0,155.55555555555554,0.0
80,0.0,0.0,177.77777777777777,0.0
81,11111.111111111111,0.0,177.77777777777777,0.0
82,22222.222222222223,0.0,177.77777777777777,0.0
83,33333.333333333336,0.0,177.77777777777777,0.0
84,44444.444444444445,0.0,177.77777777777777,0.0
85,55555.555555555555,0.0,177.77777777777777,0.0
86,66666.66666666667,0.0,177.77777777777777,0.0
87,77777.77777777778,0.0,177.77777777777777,0.0
88,88888.88888888889,0.0,177.77777777777777,0.0
89,100000.0,0.0,177.77777777777777,0.0
90,0.0,0.0,200.0,0.0
91,11111.111111111111,0.0,200.0,0.0
92,22222.222222222223,0.0,200.0,0.0
93,33333.333333333336,0.0,200.0,0.0
94,44444.444444444445,0.0,200.0,0.0
95,55555.555555555555,0.0,200.0,0.0
96,66666.66666666667,0.0,200.0,0.0
97,77777.77777777778,0.0,200.0,0.0
98,88888.88888888889,0.0,200.0,0.0
99,100000.0,0.0,200.0,0.0
100,0.0,0.1111111111111111,0.0,0.0
101,11111.111111111111,0.1111111111111111,0.0,0.0
102,22222.222222222223,0.1111111111111111,0.0,0.0
103,33333.333333333336,0.1111111111111111,0.0,0.0
104,44444.444444444445,0.1111111111111111,0.0,0.0
105,55555.555555555555,0.1111111111111111,0.0,0.0
106,66666.66666666667,0.1111111111111111,0.0,0.0
107,77777.77777777778,0.1111111111111111,0.0,0.0
108,88888.88888888889,0.1111111111111111,0.0,0.0
109,100000.0,0.1111111111111111,0.0,0.0
110,0.0,0.1111111111111111,22.22222222222222,0.0
111,11111.111111111111,0.1111111111111111,22.22222222222222,5819.808898654713
112,22222.222222222223,0.1111111111111111,22.22222222222222,11639.617797309425
113,33333.333333333336,0.1111111111111111,22.22222222222222,17459.42669596414
114,44444.444444444445,0.1111111111111111,22.22222222222222,23279.23559461885
115,55555.555555555555,0.1111111111111111,22.22222222222222,29099.04449327356
116,66666.66666666667,0.1111111111111111,22.22222222222222,34918.85339192828
117,77777.77777777778,0.1111111111111111,22.22222222222222,40738.662290582986
118,88888.88888888889,0.1111111111111111,22.22222222222222,46558.4711892377
119,100000.0,0.1111111111111111,22.22222222222222,52378.28008789241
120,0.0,0.1111111111111111,44.44444444444444,0.0
121,11111.111111111111,0.1111111111111111,44.44444444444444,8230.45267489712
122,22222.222222222223,0.1111111111111111,44.44444444444444,16460.90534979424
123,33333.333333333336,0.1111111111111111,44.44444444444444,24691.35802469136
124,44444.444444444445,0.1111111111111111,44.44444444444444,32921.81069958848
125,55555.555555555555,0.1111111111111111,44.44444444444444,41152.26337448559
126,66666.66666666667,0.1111111111111111,44.44444444444444,49382.71604938272
127,77777.77777777778,0.1111111111111111,44.44444444444444,57613.168724279836
128,88888.88888888889,0.1111111111111111,44.44444444444444,65843.62139917696
129,100000.0,0.1111111111111111,44.44444444444444,74074.07407407407
130,0.0,0.1111111111111111,66.66666666666666,0.0
131,11111.111111111111,0.1111111111111111,66.66666666666666,10080.20470281143
132,22222.222222222223,0.1111111111111111,66.66666666666666,20160.40940562286
133,33333.333333333336,0.1111111111111111,66.66666666666666,30240.614108434296
134,44444.444444444445,0.1111111111111111,66.66666666666666,40320.81881124572
135,55555.555555555555,0.1111111111111111,66.66666666666666,50401.023514057146
136,66666.66666666667,0.1111111111111111,66.66666666666666,60481.22821686859
137,77777.77777777778,0.1111111111111111,66.66666666666666,70561.43291968001
138,88888.88888888889,0.1111111111111111,66.66666666666666,80641.63762249144
139,100000.0,0.1111111111111111,66.66666666666666,90721.84232530287
140,0.0,0.1111111111111111,88.88888888888889,0.0
141,11111.111111111111,0.1111111111111111,88.88888888888889,11639.617797309425
142,22222.222222222223,0.1111111111111111,88.88888888888889,23279.23559461885
143,33333.333333333336,0.1111111111111111,88.88888888888889,34918.85339192828
144,44444.444444444445,0.1111111111111111,88.88888888888889,46558.4711892377
145,55555.555555555555,0.1111111111111111,88.88888888888889,58198.08898654712
146,66666.66666666667,0.1111111111111111,88.88888888888889,69837.70678385656
147,77777.77777777778,0.1111111111111111,88.88888888888889,81477.32458116597
148,88888.88888888889,0.1111111111111111,88.88888888888889,93116.9423784754
149,100000.0,0.1111111111111111,88.88888888888889,104756.56017578482
150,0.0,0.1111111111111111,111.11111111111111,0.0
151,11111.111111111111,0.1111111111111111,111.11111111111111,13013.48831345012
152,22222.222222222223,0.1111111111111111,111.11111111111111,26026.97662690024
153,33333.333333333336,0.1111111111111111,111.11111111111111,39040.464940350364
154,44444.444444444445,0.1111111111111111,111.11111111111111,52053.95325380048
155,55555.555555555555,0.1111111111111111,111.11111111111111,65067.44156725059
156,66666.66666666667,0.1111111111111111,111.11111111111111,78080.92988070073
157,77777.77777777778,0.1111111111111111,111.11111111111111,91094.41819415084
158,88888.88888888889,0.1111111111111111,111.11111111111111,104107.90650760096
159,100000.0,0.1111111111111111,111.11111111111111,117121.39482105109
160,0.0,0.1111111111111111,133.33333333333331,0.0
161,11111.111111111111,0.1111111111111111,133.33333333333331,14255.562202212981
162,22222.222222222223,0.1111111111111111,133.33333333333331,28511.124404425962
163,33333.333333333336,0.1111111111111111,133.33333333333331,42766.68660663895
164,44444.444444444445,0.1111111111111111,133.33333333333331,57022.248808851924
165,55555.555555555555,0.1111111111111111,133.33333333333331,71277.8110110649
166,66666.66666666667,0.1111111111111111,133.33333333333331,85533.3732132779
167,77777.77777777778,0.1111111111111111,133.33333333333331,99788.93541549087
168,88888.88888888889,0.1111111111111111,133.33333333333331,114044.49761770385
169,100000.0,0.1111111111111111,133.33333333333331,128300.05981991683
170,0.0,0.1111111111111111,155.55555555555554,0.0
171,11111.111111111111,0.1111111111111111,155.55555555555554,15397.767023761075
172,22222.222222222223,0.1111111111111111,155.55555555555554,30795.53404752215
173,33333.333333333336,0.1111111111111111,155.55555555555554,46193.301071283226
174,44444.444444444445,0.1111111111111111,155.55555555555554,61591.0680950443
175,55555.555555555555,0.1111111111111111,155.55555555555554,76988.83511880536
176,66666.66666666667,0.1111111111111111,155.55555555555554,92386.60214256645
177,77777.77777777778,0.1111111111111111,155.55555555555554,107784.36916632752
178,88888.88888888889,0.1111111111111111,155.55555555555554,123182.1361900886
179,100000.0,0.1111111111111111,155.55555555555554,138579.90321384967
180,0.0,0.1111111111111111,177.77777777777777,0.0
181,11111.111111111111,0.1111111111111111,177.77777777777777,16460.90534979424
182,22222.222222222223,0.1111111111111111,177.77777777777777,32921.81069958848
183,33333.333333333336,0.1111111111111111,177.77777777777777,49382.71604938272
184,44444.444444444445,0.1111111111111111,177.77777777777777,65843.62139917696
185,55555.555555555555,0.1111111111111111,177.77777777777777,82304.52674897118
186,66666.66666666667,0.1111111111111111,177.77777777777777,98765.43209876544
187,77777.77777777778,0.1111111111111111,177.77777777777777,115226.33744855967
188,88888.88888888889,0.1111111111111111,177.77777777777777,131687.24279835392
189,100000.0,0.1111111111111111,177.77777777777777,148148.14814814815
190,0.0,0.1111111111111111,200.0,0.0
191,11111.111111111111,0.1111111111111111,200.0,17459.426695964135
192,22222.222222222223,0.1111111111111111,200.0,34918.85339192827
193,33333.333333333336,0.1111111111111111,200.0,52378.28008789242
194,44444.444444444445,0.1111111111111111,200.0,69837.70678385654
195,55555.555555555555,0.1111111111111111,200.0,87297.13347982068
196,66666.66666666667,0.1111111111111111,200.0,104756.56017578483
197,77777.77777777778,0.1111111111111111,200.0,122215.98687174896
198,88888.88888888889,0.1111111111111111,200.0,139675.41356771308
199,100000.0,0.1111111111111111,200.0,157134.84026367724
200,0.0,0.2222222222222222,0.0,0.0
201,11111.111111111111,0.2222222222222222,0.0,0.0
202,22222.222222222223,0.2222222222222222,0.0,0.0
203,33333.333333333336,0.2222222222222222,0.0,0.0
204,44444.444444444445,0.2222222222222222,0.0,0.0
205,55555.555555555555,0.2222222222222222,0.0,0.0
206,66666.66666666667,0.2222222222222222,0.0,0.0
207,77777.77777777778,0.2222222222222222,0.0,0.0
208,88888.88888888889,0.2222222222222222,0.0,0.0
209,100000.0,0.2222222222222222,0.0,0.0
210,0.0,0.2222222222222222,22.22222222222222,0.0
211,11111.111111111111,0.2222222222222222,22.22222222222222,11639.617797309425
212,22222.222222222223,0.2222222222222222,22.22222222222222,23279.23559461885
213,33333.333333333336,0.2222222222222222,22.22222222222222,34918.85339192828
214,44444.444444444445,0.2222222222222222,22.22222222222222,46558.4711892377
215,55555.555555555555,0.2222222222222222,22.22222222222222,58198.08898654712
216,66666.66666666667,0.2222222222222222,22.22222222222222,69837.70678385656
217,77777.77777777778,0.2222222222222222,22.22222222222222,81477.32458116597
218,88888.88888888889,0.2222222222222222,22.22222222222222,93116.9423784754
219,100000.0,0.2222222222222222,22.22222222222222,104756.56017578482
220,0.0,0.2222222222222222,44.44444444444444,0.0
221,11111.111111111111,0.2222222222222222,44.44444444444444,16460.90534979424
222,22222.222222222223,0.2222222222222222,44.44444444444444,32921.81069958848
223,33333.333333333336,0.2222222222222222,44.44444444444444,49382.71604938272
224,44444.444444444445,0.2222222222222222,44.44444444444444,65843.62139917696
225,55555.555555555555,0.2222222222222222,44.44444444444444,82304.52674897118
226,66666.66666666667,0.2222222222222222,44.44444444444444,98765.43209876544
227,77777.77777777778,0.2222222222222222,44.44444444444444,115226.33744855967
228,88888.88888888889,0.2222222222222222,44.44444444444444,131687.24279835392
229,100000.0,0.2222222222222222,44.44444444444444,148148.14814814815
230,0.0,0.2222222222222222,66.66666666666666,0.0
231,11111.111111111111,0.2222222222222222,66.66666666666666,20160.40940562286
232,22222.222222222223,0.2222222222222222,66.66666666666666,40320.81881124572
233,33333.333333333336,0.2222222222222222,66.66666666666666,60481.22821686859
234,44444.444444444445,0.2222222222222222,66.66666666666666,80641.63762249144
235,55555.555555555555,0.2222222222222222,66.66666666666666,100802.04702811429
236,66666.66666666667,0.2222222222222222,66.66666666666666,120962.45643373718
237,77777.77777777778,0.2222222222222222,66.66666666666666,141122.86583936002
238,88888.88888888889,0.2222222222222222,66.66666666666666,161283.27524498288
239,100000.0,0.2222222222222222,66.66666666666666,181443.68465060575
240,0.0,0.2222222222222222,88.88888888888889,0.0
241,11111.111111111111,0.2222222222222222,88.88888888888889,23279.23559461885
242,22222.222222222223,0.2222222222222222,88.88888888888889,46558.4711892377
243,33333.333333333336,0.2222222222222222,88.88888888888889,69837.70678385656
244,44444.444444444445,0.2222222222222222,88.88888888888889,93116.9423784754
245,55555.555555555555,0.2222222222222222,88.88888888888889,116396.17797309424
246,66666.66666666667,0.2222222222222222,88.88888888888889,139675.4135677131
247,77777.77777777778,0.2222222222222222,88.88888888888889,162954.64916233195
248,88888.88888888889,0.2222222222222222,88.88888888888889,186233.8847569508
249,100000.0,0.2222222222222222,88.88888888888889,209513.12035156964
250,0.0,0.2222222222222222,111.11111111111111,0.0
251,11111.111111111111,0.2222222222222222,111.11111111111111,26026.97662690024
252,22222.222222222223,0.2222222222222222,111.11111111111111,52053.95325380048
253,33333.333333333336,0.2222222222222222,111.11111111111111,78080.92988070073
254,44444.444444444445,0.2222222222222222,111.11111111111111,104107.90650760096
255,55555.555555555555,0.2222222222222222,111.11111111111111,130134.88313450119
256,66666.66666666667,0.2222222222222222,111.11111111111111,156161.85976140146
257,77777.77777777778,0.2222222222222222,111.11111111111111,182188.8363883017
258,88888.88888888889,0.2222222222222222,111.11111111111111,208215.81301520191
259,100000.0,0.2222222222222222,111.11111111111111,234242.78964210217
260,0.0,0.2222222222222222,133.33333333333331,0.0
261,11111.111111111111,0.2222222222222222,133.33333333333331,28511.124404425962
262,22222.222222222223,0.2222222222222222,133.33333333333331,57022.248808851924
263,33333.333333333336,0.2222222222222222,133.33333333333331,85533.3732132779
264,44444.444444444445,0.2222222222222222,133.33333333333331,114044.49761770385
265,55555.555555555555,0.2222222222222222,133.33333333333331,142555.6220221298
266,66666.66666666667,0.2222222222222222,133.33333333333331,171066.7464265558
267,77777.77777777778,0.2222222222222222,133.33333333333331,199577.87083098173
268,88888.88888888889,0.2222222222222222,133.33333333333331,228088.9952354077
269,100000.0,0.2222222222222222,133.33333333333331,256600.11963983366
270,0.0,0.2222222222222222,155.55555555555554,0.0
271,11111.111111111111,0.2222222222222222,155.55555555555554,30795.53404752215
272,22222.222222222223,0.2222222222222222,155.55555555555554,61591.0680950443
273,33333.333333333336,0.2222222222222222,155.55555555555554,92386.60214256645
274,44444.444444444445,0.2222222222222222,155.55555555555554,123182.1361900886
275,55555.555555555555,0.2222222222222222,155.55555555555554,153977.67023761073
276,66666.66666666667,0.2222222222222222,155.55555555555554,184773.2042851329
277,77777.77777777778,0.2222222222222222,155.55555555555554,215568.73833265505
278,88888.88888888889,0.2222222222222222,155.55555555555554,246364.2723801772
279,100000.0,0.2222222222222222,155.55555555555554,277159.80642769934
280,0.0,0.2222222222222222,177.77777777777777,0.0
281,11111.111111111111,0.2222222222222222,177.77777777777777,32921.81069958848
282,22222.222222222223,0.2222222222222222,177.77777777777777,65843.62139917696
283,33333.333333333336,0.2222222222222222,177.77777777777777,98765.43209876544
284,44444.444444444445,0.2222222222222222,177.77777777777777,131687.24279835392
285,55555.555555555555,0.2222222222222222,177.77777777777777,164609.05349794237
286,66666.66666666667,0.2222222222222222,177.77777777777777,197530.86419753087
287,77777.77777777778,0.2222222222222222,177.77777777777777,230452.67489711934
288,88888.88888888889,0.2222222222222222,177.77777777777777,263374.48559670785
289,100000.0,0.2222222222222222,177.77777777777777,296296.2962962963
290,0.0,0.2222222222222222,200.0,0.0
291,11111.111111111111,0.2222222222222222,200.0,34918.85339192827
292,22222.222222222223,0.2222222222222222,200.0,69837.70678385654
293,33333.333333333336,0.2222222222222222,200.0,104756.56017578483
294,44444.444444444445,0.2222222222222222,200.0,139675.41356771308
295,55555.555555555555,0.2222222222222222,200.0,174594.26695964136
296,66666.66666666667,0.2222222222222222,200.0,209513.12035156967
297,77777.77777777778,0.2222222222222222,200.0,244431.97374349792
298,88888.88888888889,0.2222222222222222,200.0,279350.82713542617
299,100000.0,0.2222222222222222,200.0,314269.6805273545
300,0.0,0.3333333333333333,0.0,0.0
301,11111.111111111111,0.3333333333333333,0.0,0.0
302,22222.222222222223,0.3333333333333333,0.0,0.0
303,33333.333333333336,0.3333333333333333,0.0,0.0
304,44444.444444444445,0.3333333333333333,0.0,0.0
305,55555.555555555555,0.3333333333333333,0.0,0.0
306,66666.66666666667,0.3333333333333333,0.0,0.0
307,77777.77777777778,0.3333333333333333,0.0,0.0
308,88888.88888888889,0.3333333333333333,0.0,0.0
309,100000.0,0.3333333333333333,0.0,0.0
310,0.0,0.3333333333333333,22.22222222222222,0.0
311,11111.111111111111,0.3333333333333333,22.22222222222222,17459.426695964135
312,22222.222222222223,0.3333333333333333,22.22222222222222,34918.85339192827
313,33333.333333333336,0.3333333333333333,22.22222222222222,52378.28008789241
314,44444.444444444445,0.3333333333333333,22.22222222222222,69837.70678385654
315,55555.555555555555,0.3333333333333333,22.22222222222222,87297.13347982068
316,66666.66666666667,0.3333333333333333,22.22222222222222,104756.56017578482
317,77777.77777777778,0.3333333333333333,22.22222222222222,122215.98687174896
318,88888.88888888889,0.3333333333333333,22.22222222222222,139675.41356771308
319,100000.0,0.3333333333333333,22.22222222222222,157134.8402636772
320,0.0,0.3333333333333333,44.44444444444444,0.0
321,11111.111111111111,0.3333333333333333,44.44444444444444,24691.35802469136
322,22222.222222222223,0.3333333333333333,44.44444444444444,49382.71604938272
323,33333.333333333336,0.3333333333333333,44.44444444444444,74074.07407407407
324,44444.444444444445,0.3333333333333333,44.44444444444444,98765.43209876544
325,55555.555555555555,0.3333333333333333,44.44444444444444,123456.7901234568
326,66666.66666666667,0.3333333333333333,44.44444444444444,148148.14814814815
327,77777.77777777778,0.3333333333333333,44.44444444444444,172839.50617283952
328,88888.88888888889,0.3333333333333333,44.44444444444444,197530.86419753087
329,100000.0,0.3333333333333333,44.44444444444444,222222.2222222222
330,0.0,0.3333333333333333,66.66666666666666,0.0
331,11111.111111111111,0.3333333333333333,66.66666666666666,30240.61410843429
332,22222.222222222223,0.3333333333333333,66.66666666666666,60481.22821686858
333,33333.333333333336,0.3333333333333333,66.66666666666666,90721.84232530287
334,44444.444444444445,0.3333333333333333,66.66666666666666,120962.45643373716
335,55555.555555555555,0.3333333333333333,66.66666666666666,151203.07054217145
336,66666.66666666667,0.3333333333333333,66.66666666666666,181443.68465060575
337,77777.77777777778,0.3333333333333333,66.66666666666666,211684.29875904004
338,88888.88888888889,0.3333333333333333,66.66666666666666,241924.9128674743
339,100000.0,0.3333333333333333,66.66666666666666,272165.5269759086
340,0.0,0.3333333333333333,88.88888888888889,0.0
341,11111.111111111111,0.3333333333333333,88.88888888888889,34918.85339192827
342,22222.222222222223,0.3333333333333333,88.88888888888889,69837.70678385654
343,33333.333333333336,0.3333333333333333,88.88888888888889,104756.56017578482
344,44444.444444444445,0.3333333333333333,88.88888888888889,139675.41356771308
345,55555.555555555555,0.3333333333333333,88.88888888888889,174594.26695964136
346,66666.66666666667,0.3333333333333333,88.88888888888889,209513.12035156964
347,77777.77777777778,0.3333333333333333,88.88888888888889,244431.97374349792
348,88888.88888888889,0.3333333333333333,88.88888888888889,279350.82713542617
349,100000.0,0.3333333333333333,88.88888888888889,314269.6805273544
350,0.0,0.3333333333333333,111.11111111111111,0.0
351,11111.111111111111,0.3333333333333333,111.11111111111111,39040.46494035036
352,22222.222222222223,0.3333333333333333,111.11111111111111,78080.92988070071
353,33333.333333333336,0.3333333333333333,111.11111111111111,117121.39482105109
354,44444.444444444445,0.3333333333333333,111.11111111111111,156161.85976140143
355,55555.555555555555,0.3333333333333333,111.11111111111111,195202.32470175182
356,66666.66666666667,0.3333333333333333,111.11111111111111,234242.78964210217
357,77777.77777777778,0.3333333333333333,111.11111111111111,273283.25458245253
358,88888.88888888889,0.3333333333333333,111.11111111111111,312323.71952280286
359,100000.0,0.3333333333333333,111.11111111111111,351364.1844631532
360,0.0,0.3333333333333333,133.33333333333331,0.0
361,11111.111111111111,0.3333333333333333,133.33333333333331,42766.68660663894
362,22222.222222222223,0.3333333333333333,133.33333333333331,85533.37321327788
363,33333.333333333336,0.3333333333333333,133.33333333333331,128300.05981991683
364,44444.444444444445,0.3333333333333333,133.33333333333331,171066.74642655576
365,55555.555555555555,0.3333333333333333,133.33333333333331,213833.4330331947
366,66666.66666666667,0.3333333333333333,133.33333333333331,256600.11963983366
367,77777.77777777778,0.3333333333333333,133.33333333333331,299366.80624647264
368,88888.88888888889,0.3333333333333333,133.33333333333331,342133.49285311153
369,100000.0,0.3333333333333333,133.33333333333331,384900.1794597504
370,0.0,0.3333333333333333,155.55555555555554,0.0
371,11111.111111111111,0.3333333333333333,155.55555555555554,46193.301071283226
372,22222.222222222223,0.3333333333333333,155.55555555555554,92386.60214256645
373,33333.333333333336,0.3333333333333333,155.55555555555554,138579.90321384967
374,44444.444444444445,0.3333333333333333,155.55555555555554,184773.2042851329
375,55555.555555555555,0.3333333333333333,155.55555555555554,230966.50535641614
376,66666.66666666667,0.3333333333333333,155.55555555555554,277159.80642769934
377,77777.77777777778,0.3333333333333333,155.55555555555554,323353.1074989826
378,88888.88888888889,0.3333333333333333,155.55555555555554,369546.4085702658
379,100000.0,0.3333333333333333,155.55555555555554,415739.709641549
380,0.0,0.3333333333333333,177.77777777777777,0.0
381,11111.111111111111,0.3333333333333333,177.77777777777777,49382.71604938272
382,22222.222222222223,0.3333333333333333,177.77777777777777,98765.43209876544
383,33333.333333333336,0.3333333333333333,177.77777777777777,148148.14814814815
384,44444.444444444445,0.3333333333333333,177.77777777777777,197530.86419753087
385,55555.555555555555,0.3333333333333333,177.77777777777777,246913.5802469136
386,66666.66666666667,0.3333333333333333,177.77777777777777,296296.2962962963
387,77777.77777777778,0.3333333333333333,177.77777777777777,345679.01234567905
388,88888.88888888889,0.3333333333333333,177.77777777777777,395061.72839506174
389,100000.0,0.3333333333333333,177.77777777777777,444444.4444444444
390,0.0,0.3333333333333333,200.0,0.0
391,11111.111111111111,0.3333333333333333,200.0,52378.28008789241
392,22222.222222222223,0.3333333333333333,200.0,104756.56017578482
393,33333.333333333336,0.3333333333333333,200.0,157134.84026367724
394,44444.444444444445,0.3333333333333333,200.0,209513.12035156964
395,55555.555555555555,0.3333333333333333,200.0,261891.40043946204
396,66666.66666666667,0.3333333333333333,200.0,314269.6805273545
397,77777.77777777778,0.3333333333333333,200.0,366647.9606152469
398,88888.88888888889,0.3333333333333333,200.0,419026.2407031393
399,100000.0,0.3333333333333333,200.0,471404.52079103165
400,0.0,0.4444444444444444,0.0,0.0
401,11111.111111111111,0.4444444444444444,0.0,0.0
402,22222.222222222223,0.4444444444444444,0.0,0.0
403,33333.333333333336,0.4444444444444444,0.0,0.0
404,44444.444444444445,0.4444444444444444,0.0,0.0
405,55555.555555555555,0.4444444444444444,0.0,0.0
406,66666.66666666667,0.4444444444444444,0.0,0.0
407,77777.77777777778,0.4444444444444444,0.0,0.0
408,88888.88888888889,0.4444444444444444,0.0,0.0
409,100000.0,0.4444444444444444,0.0,0.0
410,0.0,0.4444444444444444,22.22222222222222,0.0
411,11111.111111111111,0.4444444444444444,22.22222222222222,23279.23559461885
412,22222.222222222223,0.4444444444444444,22.22222222222222,46558.4711892377
413,33333.333333333336,0.4444444444444444,22.22222222222222,69837.70678385656
414,44444.444444444445,0.4444444444444444,22.22222222222222,93116.9423784754
415,55555.555555555555,0.4444444444444444,22.22222222222222,116396.17797309424
416,66666.66666666667,0.4444444444444444,22.22222222222222,139675.4135677131
417,77777.77777777778,0.4444444444444444,22.22222222222222,162954.64916233195
418,88888.88888888889,0.4444444444444444,22.22222222222222,186233.8847569508
419,100000.0,0.4444444444444444,22.22222222222222,209513.12035156964
420,0.0,0.4444444444444444,44.44444444444444,0.0
421,11111.111111111111,0.4444444444444444,44.44444444444444,32921.81069958848
422,22222.222222222223,0.4444444444444444,44.44444444444444,65843.62139917696
423,33333.333333333336,0.4444444444444444,44.44444444444444,98765.43209876544
424,44444.444444444445,0.4444444444444444,44.44444444444444,131687.24279835392
425,55555.555555555555,0.4444444444444444,44.44444444444444,164609.05349794237
426,66666.66666666667,0.4444444444444444,44.44444444444444,197530.86419753087
427,77777.77777777778,0.4444444444444444,44.44444444444444,230452.67489711934
428,88888.88888888889,0.4444444444444444,44.44444444444444,263374.48559670785
429,100000.0,0.4444444444444444,44.44444444444444,296296.2962962963
430,0.0,0.4444444444444444,66.66666666666666,0.0
431,11111.111111111111,0.4444444444444444,66.66666666666666,40320.81881124572
432,22222.222222222223,0.4444444444444444,66.66666666666666,80641.63762249144
433,33333.333333333336,0.4444444444444444,66.66666666666666,120962.45643373718
434,44444.444444444445,0.4444444444444444,66.66666666666666,161283.27524498288
435,55555.555555555555,0.4444444444444444,66.66666666666666,201604.09405622858
436,66666.66666666667,0.4444444444444444,66.66666666666666,241924.91286747437
437,77777.77777777778,0.4444444444444444,66.66666666666666,282245.73167872004
438,88888.88888888889,0.4444444444444444,66.66666666666666,322566.55048996577
439,100000.0,0.4444444444444444,66.66666666666666,362887.3693012115
440,0.0,0.4444444444444444,88.88888888888889,0.0
441,11111.111111111111,0.4444444444444444,88.88888888888889,46558.4711892377
442,22222.222222222223,0.4444444444444444,88.88888888888889,93116.9423784754
443,33333.333333333336,0.4444444444444444,88.88888888888889,139675.4135677131
444,44444.444444444445,0.4444444444444444,88.88888888888889,186233.8847569508
445,55555.555555555555,0.4444444444444444,88.88888888888889,232792.35594618847
446,66666.66666666667,0.4444444444444444,88.88888888888889,279350.8271354262
447,77777.77777777778,0.4444444444444444,88.88888888888889,325909.2983246639
448,88888.88888888889,0.4444444444444444,88.88888888888889,372467.7695139016
449,100000.0,0.4444444444444444,88.88888888888889,419026.2407031393
450,0.0,0.4444444444444444,111.11111111111111,0.0
451,11111.111111111111,0.4444444444444444,111.11111111111111,52053.95325380048
452,22222.222222222223,0.4444444444444444,111.11111111111111,104107.90650760096
453,33333.333333333336,0.4444444444444444,111.11111111111111,156161.85976140146
454,44444.444444444445,0.4444444444444444,111.11111111111111,208215.81301520191
455,55555.555555555555,0.4444444444444444,111.11111111111111,260269.76626900237
456,66666.66666666667,0.4444444444444444,111.11111111111111,312323.7195228029
457,77777.77777777778,0.4444444444444444,111.11111111111111,364377.6727766034
458,88888.88888888889,0.4444444444444444,111.11111111111111,416431.62603040383
459,100000.0,0.4444444444444444,111.11111111111111,468485.57928420434
460,0.0,0.4444444444444444,133.33333333333331,0.0
461,11111.111111111111,0.4444444444444444,133.33333333333331,57022.248808851924
462,22222.222222222223,0.4444444444444444,133.33333333333331,114044.49761770385
463,33333.333333333336,0.4444444444444444,133.33333333333331,171066.7464265558
464,44444.444444444445,0.4444444444444444,133.33333333333331,228088.9952354077
465,55555.555555555555,0.4444444444444444,133.33333333333331,285111.2440442596
466,66666.66666666667,0.4444444444444444,133.33333333333331,342133.4928531116
467,77777.77777777778,0.4444444444444444,133.33333333333331,399155.74166196346
468,88888.88888888889,0.4444444444444444,133.33333333333331,456177.9904708154
469,100000.0,0.4444444444444444,133.33333333333331,513200.2392796673
470,0.0,0.4444444444444444,155.55555555555554,0.0
471,11111.111111111111,0.4444444444444444,155.55555555555554,61591.0680950443
472,22222.222222222223,0.4444444444444444,155.55555555555554,123182.1361900886
473,33333.333333333336,0.4444444444444444,155.55555555555554,184773.2042851329
474,44444.444444444445,0.4444444444444444,155.55555555555554,246364.2723801772
475,55555.555555555555,0.4444444444444444,155.55555555555554,307955.34047522146
476,66666.66666666667,0.4444444444444444,155.55555555555554,369546.4085702658
477,77777.77777777778,0.4444444444444444,155.55555555555554,431137.4766653101
478,88888.88888888889,0.4444444444444444,155.55555555555554,492728.5447603544
479,100000.0,0.4444444444444444,155.55555555555554,554319.6128553987
480,0.0,0.4444444444444444,177.77777777777777,0.0
481,11111.111111111111,0.4444444444444444,177.77777777777777,65843.62139917696
482,22222.222222222223,0.4444444444444444,177.77777777777777,131687.24279835392
483,33333.333333333336,0.4444444444444444,177.77777777777777,197530.86419753087
484,44444.444444444445,0.4444444444444444,177.77777777777777,263374.48559670785
485,55555.555555555555,0.4444444444444444,177.77777777777777,329218.10699588474
486,66666.66666666667,0.4444444444444444,177.77777777777777,395061.72839506174
487,77777.77777777778,0.4444444444444444,177.77777777777777,460905.3497942387
488,88888.88888888889,0.4444444444444444,177.77777777777777,526748.9711934157
489,100000.0,0.4444444444444444,177.77777777777777,592592.5925925926
490,0.0,0.4444444444444444,200.0,0.0
491,11111.111111111111,0.4444444444444444,200.0,69837.70678385654
492,22222.222222222223,0.4444444444444444,200.0,139675.41356771308
493,33333.333333333336,0.4444444444444444,200.0,209513.12035156967
494,44444.444444444445,0.4444444444444444,200.0,279350.82713542617
495,55555.555555555555,0.4444444444444444,200.0,349188.5339192827
496,66666.66666666667,0.4444444444444444,200.0,419026.24070313934
497,77777.77777777778,0.4444444444444444,200.0,488863.94748699584
498,88888.88888888889,0.4444444444444444,200.0,558701.6542708523
499,100000.0,0.4444444444444444,200.0,628539.361054709
500,0.0,0.5555555555555556,0.0,0.0
501,11111.111111111111,0.5555555555555556,0.0,0.0
502,22222.222222222223,0.5555555555555556,0.0,0.0
503,33333.333333333336,0.5555555555555556,0.0,0.0
504,44444.444444444445,0.5555555555555556,0.0,0.0
505,55555.555555555555,0.5555555555555556,0.0,0.0
506,66666.66666666667,0.5555555555555556,0.0,0.0
507,77777.77777777778,0.5555555555555556,0.0,0.0
508,88888.88888888889,0.5555555555555556,0.0,0.0
509,100000.0,0.5555555555555556,0.0,0.0
510,0.0,0.5555555555555556,22.22222222222222,0.0
511,11111.111111111111,0.5555555555555556,22.22222222222222,29099.044493273563
512,22222.222222222223,0.5555555555555556,22.22222222222222,58198.088986547125
513,33333.333333333336,0.5555555555555556,22.22222222222222,87297.1334798207
514,44444.444444444445,0.5555555555555556,22.22222222222222,116396.17797309425
515,55555.555555555555,0.5555555555555556,22.22222222222222,145495.22246636782
516,66666.66666666667,0.5555555555555556,22.22222222222222,174594.2669596414
517,77777.77777777778,0.5555555555555556,22.22222222222222,203693.31145291496
518,88888.88888888889,0.5555555555555556,22.22222222222222,232792.3559461885
519,100000.0,0.5555555555555556,22.22222222222222,261891.40043946204
520,0.0,0.5555555555555556,44.44444444444444,0.0
521,11111.111111111111,0.5555555555555556,44.44444444444444,41152.2633744856
522,22222.222222222223,0.5555555555555556,44.44444444444444,82304.5267489712
523,33333.333333333336,0.5555555555555556,44.44444444444444,123456.79012345681
524,44444.444444444445,0.5555555555555556,44.44444444444444,164609.0534979424
525,55555.555555555555,0.5555555555555556,44.44444444444444,205761.316872428
526,66666.66666666667,0.5555555555555556,44.44444444444444,246913.58024691363
527,77777.77777777778,0.5555555555555556,44.44444444444444,288065.8436213992
528,88888.88888888889,0.5555555555555556,44.44444444444444,329218.1069958848
529,100000.0,0.5555555555555556,44.44444444444444,370370.3703703704
530,0.0,0.5555555555555556,66.66666666666666,0.0
531,11111.111111111111,0.5555555555555556,66.66666666666666,50401.02351405715
532,22222.222222222223,0.5555555555555556,66.66666666666666,100802.0470281143
533,33333.333333333336,0.5555555555555556,66.66666666666666,151203.07054217148
534,44444.444444444445,0.5555555555555556,66.66666666666666,201604.0940562286
535,55555.555555555555,0.5555555555555556,66.66666666666666,252005.1175702858
536,66666.66666666667,0.5555555555555556,66.66666666666666,302406.14108434296
537,77777.77777777778,0.5555555555555556,66.66666666666666,352807.1645984001
538,88888.88888888889,0.5555555555555556,66.66666666666666,403208.1881124572
539,100000.0,0.5555555555555556,66.66666666666666,453609.2116265144
540,0.0,0.5555555555555556,88.88888888888889,0.0
541,11111.111111111111,0.5555555555555556,88.88888888888889,58198.088986547125
542,22222.222222222223,0.5555555555555556,88.88888888888889,116396.17797309425
543,33333.333333333336,0.5555555555555556,88.88888888888889,174594.2669596414
544,44444.444444444445,0.5555555555555556,88.88888888888889,232792.3559461885
545,55555.555555555555,0.5555555555555556,88.88888888888889,290990.44493273564
546,66666.66666666667,0.5555555555555556,88.88888888888889,349188.5339192828
547,77777.77777777778,0.5555555555555556,88.88888888888889,407386.6229058299
548,88888.88888888889,0.5555555555555556,88.88888888888889,465584.711892377
549,100000.0,0.5555555555555556,88.88888888888889,523782.8008789241
550,0.0,0.5555555555555556,111.11111111111111,0.0
551,11111.111111111111,0.5555555555555556,111.11111111111111,65067.44156725061
552,22222.222222222223,0.5555555555555556,111.11111111111111,130134.88313450121
553,33333.333333333336,0.5555555555555556,111.11111111111111,195202.32470175184
554,44444.444444444445,0.5555555555555556,111.11111111111111,260269.76626900243
555,55555.555555555555,0.5555555555555556,111.11111111111111,325337.20783625304
556,66666.66666666667,0.5555555555555556,111.11111111111111,390404.6494035037
557,77777.77777777778,0.5555555555555556,111.11111111111111,455472.0909707543
558,88888.88888888889,0.5555555555555556,111.11111111111111,520539.53253800486
559,100000.0,0.5555555555555556,111.11111111111111,585606.9741052554
560,0.0,0.5555555555555556,133.33333333333331,0.0
561,11111.111111111111,0.5555555555555556,133.33333333333331,71277.81101106491
562,22222.222222222223,0.5555555555555556,133.33333333333331,142555.62202212983
563,33333.333333333336,0.5555555555555556,133.33333333333331,213833.43303319474
564,44444.444444444445,0.5555555555555556,133.33333333333331,285111.24404425966
565,55555.555555555555,0.5555555555555556,133.33333333333331,356389.05505532457
566,66666.66666666667,0.5555555555555556,133.33333333333331,427666.8660663895
567,77777.77777777778,0.5555555555555556,133.33333333333331,498944.6770774544
568,88888.88888888889,0.5555555555555556,133.33333333333331,570222.4880885193
569,100000.0,0.5555555555555556,133.33333333333331,641500.2990995841
570,0.0,0.5555555555555556,155.55555555555554,0.0
571,11111.111111111111,0.5555555555555556,155.55555555555554,76988.83511880538
572,22222.222222222223,0.5555555555555556,155.55555555555554,153977.67023761076
573,33333.333333333336,0.5555555555555556,155.55555555555554,230966.50535641616
574,44444.444444444445,0.5555555555555556,155.55555555555554,307955.3404752215
575,55555.555555555555,0.5555555555555556,155.55555555555554,384944.1755940269
576,66666.66666666667,0.5555555555555556,155.55555555555554,461933.0107128323
577,77777.77777777778,0.5555555555555556,155.55555555555554,538921.8458316377
578,88888.88888888889,0.5555555555555556,155.55555555555554,615910.680950443
579,100000.0,0.5555555555555556,155.55555555555554,692899.5160692483
580,0.0,0.5555555555555556,177.77777777777777,0.0
581,11111.111111111111,0.5555555555555556,177.77777777777777,82304.5267489712
582,22222.222222222223,0.5555555555555556,177.77777777777777,164609.0534979424
583,33333.333333333336,0.5555555555555556,177.77777777777777,246913.58024691363
584,44444.444444444445,0.5555555555555556,177.77777777777777,329218.1069958848
585,55555.555555555555,0.5555555555555556,177.77777777777777,411522.633744856
586,66666.66666666667,0.5555555555555556,177.77777777777777,493827.16049382725
587,77777.77777777778,0.5555555555555556,177.77777777777777,576131.6872427984
588,88888.88888888889,0.5555555555555556,177.77777777777777,658436.2139917696
589,100000.0,0.5555555555555556,177.77777777777777,740740.7407407408
590,0.0,0.5555555555555556,200.0,0.0
591,11111.111111111111,0.5555555555555556,200.0,87297.1334798207
592,22222.222222222223,0.5555555555555556,200.0,174594.2669596414
593,33333.333333333336,0.5555555555555556,200.0,261891.4004394621
594,44444.444444444445,0.5555555555555556,200.0,349188.5339192828
595,55555.555555555555,0.5555555555555556,200.0,436485.66739910346
596,66666.66666666667,0.5555555555555556,200.0,523782.8008789242
597,77777.77777777778,0.5555555555555556,200.0,611079.9343587449
598,88888.88888888889,0.5555555555555556,200.0,698377.0678385656
599,100000.0,0.5555555555555556,200.0,785674.2013183861
600,0.0,0.6666666666666666,0.0,0.0
601,11111.111111111111,0.6666666666666666,0.0,0.0
602,22222.222222222223,0.6666666666666666,0.0,0.0
603,33333.333333333336,0.6666666666666666,0.0,0.0
604,44444.444444444445,0.6666666666666666,0.0,0.0
605,55555.555555555555,0.6666666666666666,0.0,0.0
606,66666.66666666667,0.6666666666666666,0.0,0.0
607,77777.77777777778,0.6666666666666666,0.0,0.0
608,88888.88888888889,0.6666666666666666,0.0,0.0
609,100000.0,0.6666666666666666,0.0,0.0
610,0.0,0.6666666666666666,22.22222222222222,0.0
611,11111.111111111111,0.6666666666666666,22.22222222222222,34918.85339192827
612,22222.222222222223,0.6666666666666666,22.22222222222222,69837.70678385654
613,33333.333333333336,0.6666666666666666,22.22222222222222,104756.56017578482
614,44444.444444444445,0.6666666666666666,22.22222222222222,139675.41356771308
615,55555.555555555555,0.6666666666666666,22.22222222222222,174594.26695964136
616,66666.66666666667,0.6666666666666666,22.22222222222222,209513.12035156964
617,77777.77777777778,0.6666666666666666,22.22222222222222,244431.97374349792
618,88888.88888888889,0.6666666666666666,22.22222222222222,279350.82713542617
619,100000.0,0.6666666666666666,22.22222222222222,314269.6805273544
620,0.0,0.6666666666666666,44.44444444444444,0.0
621,11111.111111111111,0.6666666666666666,44.44444444444444,49382.71604938272
622,22222.222222222223,0.6666666666666666,44.44444444444444,98765.43209876544
623,33333.333333333336,0.6666666666666666,44.44444444444444,148148.14814814815
624,44444.444444444445,0.6666666666666666,44.44444444444444,197530.86419753087
625,55555.555555555555,0.6666666666666666,44.44444444444444,246913.5802469136
626,66666.66666666667,0.6666666666666666,44.44444444444444,296296.2962962963
627,77777.77777777778,0.6666666666666666,44.44444444444444,345679.01234567905
628,88888.88888888889,0.6666666666666666,44.44444444444444,395061.72839506174
629,100000.0,0.6666666666666666,44.44444444444444,444444.4444444444
630,0.0,0.6666666666666666,66.66666666666666,0.0
631,11111.111111111111,0.6666666666666666,66.66666666666666,60481.22821686858
632,22222.222222222223,0.6666666666666666,66.66666666666666,120962.45643373716
633,33333.333333333336,0.6666666666666666,66.66666666666666,181443.68465060575
634,44444.444444444445,0.6666666666666666,66.66666666666666,241924.9128674743
635,55555.555555555555,0.6666666666666666,66.66666666666666,302406.1410843429
636,66666.66666666667,0.6666666666666666,66.66666666666666,362887.3693012115
637,77777.77777777778,0.6666666666666666,66.66666666666666,423368.5975180801
638,88888.88888888889,0.6666666666666666,66.66666666666666,483849.8257349486
639,100000.0,0.6666666666666666,66.66666666666666,544331.0539518172
640,0.0,0.6666666666666666,88.88888888888889,0.0
641,11111.111111111111,0.6666666666666666,88.88888888888889,69837.70678385654
642,22222.222222222223,0.6666666666666666,88.88888888888889,139675.41356771308
643,33333.333333333336,0.6666666666666666,88.88888888888889,209513.12035156964
644,44444.444444444445,0.6666666666666666,88.88888888888889,279350.82713542617
645,55555.555555555555,0.6666666666666666,88.88888888888889,349188.5339192827
646,66666.66666666667,0.6666666666666666,88.88888888888889,419026.2407031393
647,77777.77777777778,0.6666666666666666,88.88888888888889,488863.94748699584
648,88888.88888888889,0.6666666666666666,88.88888888888889,558701.6542708523
649,100000.0,0.6666666666666666,88.88888888888889,628539.3610547088
650,0.0,0.6666666666666666,111.11111111111111,0.0
651,11111.111111111111,0.6666666666666666,111.11111111111111,78080.92988070071
652,22222.222222222223,0.6666666666666666,111.11111111111111,156161.85976140143
653,33333.333333333336,0.6666666666666666,111.11111111111111,234242.78964210217
654,44444.444444444445,0.6666666666666666,111.11111111111111,312323.71952280286
655,55555.555555555555,0.6666666666666666,111.11111111111111,390404.64940350363
656,66666.66666666667,0.6666666666666666,111.11111111111111,468485.57928420434
657,77777.77777777778,0.6666666666666666,111.11111111111111,546566.5091649051
658,88888.88888888889,0.6666666666666666,111.11111111111111,624647.4390456057
659,100000.0,0.6666666666666666,111.11111111111111,702728.3689263064
660,0.0,0.6666666666666666,133.33333333333331,0.0
661,11111.111111111111,0.6666666666666666,133.33333333333331,85533.37321327788
662,22222.222222222223,0.6666666666666666,133.33333333333331,171066.74642655576
663,33333.333333333336,0.6666666666666666,133.33333333333331,256600.11963983366
664,44444.444444444445,0.6666666666666666,133.33333333333331,342133.49285311153
665,55555.555555555555,0.6666666666666666,133.33333333333331,427666.8660663894
666,66666.66666666667,0.6666666666666666,133.33333333333331,513200.2392796673
667,77777.77777777778,0.6666666666666666,133.33333333333331,598733.6124929453
668,88888.88888888889,0.6666666666666666,133.33333333333331,684266.9857062231
669,100000.0,0.6666666666666666,133.33333333333331,769800.3589195008
670,0.0,0.6666666666666666,155.55555555555554,0.0
671,11111.111111111111,0.6666666666666666,155.55555555555554,92386.60214256645
672,22222.222222222223,0.6666666666666666,155.55555555555554,184773.2042851329
673,33333.333333333336,0.6666666666666666,155.55555555555554,277159.80642769934
674,44444.444444444445,0.6666666666666666,155.55555555555554,369546.4085702658
675,55555.555555555555,0.6666666666666666,155.55555555555554,461933.01071283227
676,66666.66666666667,0.6666666666666666,155.55555555555554,554319.6128553987
677,77777.77777777778,0.6666666666666666,155.55555555555554,646706.2149979651
678,88888.88888888889,0.6666666666666666,155.55555555555554,739092.8171405316
679,100000.0,0.6666666666666666,155.55555555555554,831479.419283098
680,0.0,0.6666666666666666,177.77777777777777,0.0
681,11111.111111111111,0.6666666666666666,177.77777777777777,98765.43209876544
682,22222.222222222223,0.6666666666666666,177.77777777777777,197530.86419753087
683,33333.333333333336,0.6666666666666666,177.77777777777777,296296.2962962963
684,44444.444444444445,0.6666666666666666,177.77777777777777,395061.72839506174
685,55555.555555555555,0.6666666666666666,177.77777777777777,493827.1604938272
686,66666.66666666667,0.6666666666666666,177.77777777777777,592592.5925925926
687,77777.77777777778,0.6666666666666666,177.77777777777777,691358.0246913581
688,88888.88888888889,0.6666666666666666,177.77777777777777,790123.4567901235
689,100000.0,0.6666666666666666,177.77777777777777,888888.8888888888
690,0.0,0.6666666666666666,200.0,0.0
691,11111.111111111111,0.6666666666666666,200.0,104756.56017578482
692,22222.222222222223,0.6666666666666666,200.0,209513.12035156964
693,33333.333333333336,0.6666666666666666,200.0,314269.6805273545
694,44444.444444444445,0.6666666666666666,200.0,419026.2407031393
695,55555.555555555555,0.6666666666666666,200.0,523782.8008789241
696,66666.66666666667,0.6666666666666666,200.0,628539.361054709
697,77777.77777777778,0.6666666666666666,200.0,733295.9212304938
698,88888.88888888889,0.6666666666666666,200.0,838052.4814062786
699,100000.0,0.6666666666666666,200.0,942809.0415820633
700,0.0,0.7777777777777777,0.0,0.0
701,11111.111111111111,0.7777777777777777,0.0,0.0
702,22222.222222222223,0.7777777777777777,0.0,0.0
703,33333.333333333336,0.7777777777777777,0.0,0.0
704,44444.444444444445,0.7777777777777777,0.0,0.0
705,55555.555555555555,0.7777777777777777,0.0,0.0
706,66666.66666666667,0.7777777777777777,0.0,0.0
707,77777.77777777778,0.7777777777777777,0.0,0.0
708,88888.88888888889,0.7777777777777777,0.0,0.0
709,100000.0,0.7777777777777777,0.0,0.0
710,0.0,0.7777777777777777,22.22222222222222,0.0
711,11111.111111111111,0.7777777777777777,22.22222222222222,40738.662290582986
712,22222.222222222223,0.7777777777777777,22.22222222222222,81477.32458116597
713,33333.333333333336,0.7777777777777777,22.22222222222222,122215.98687174894
714,44444.444444444445,0.7777777777777777,22.22222222222222,162954.64916233195
715,55555.555555555555,0.7777777777777777,22.22222222222222,203693.31145291493
716,66666.66666666667,0.7777777777777777,22.22222222222222,244431.9737434979
717,77777.77777777778,0.7777777777777777,22.22222222222222,285170.6360340809
718,88888.88888888889,0.7777777777777777,22.22222222222222,325909.2983246639
719,100000.0,0.7777777777777777,22.22222222222222,366647.96061524685
720,0.0,0.7777777777777777,44.44444444444444,0.0
721,11111.111111111111,0.7777777777777777,44.44444444444444,57613.168724279836
722,22222.222222222223,0.7777777777777777,44.44444444444444,115226.33744855967
723,33333.333333333336,0.7777777777777777,44.44444444444444,172839.5061728395
724,44444.444444444445,0.7777777777777777,44.44444444444444,230452.67489711934
725,55555.555555555555,0.7777777777777777,44.44444444444444,288065.8436213992
726,66666.66666666667,0.7777777777777777,44.44444444444444,345679.012345679
727,77777.77777777778,0.7777777777777777,44.44444444444444,403292.18106995884
728,88888.88888888889,0.7777777777777777,44.44444444444444,460905.3497942387
729,100000.0,0.7777777777777777,44.44444444444444,518518.5185185185
730,0.0,0.7777777777777777,66.66666666666666,0.0
731,11111.111111111111,0.7777777777777777,66.66666666666666,70561.43291968001
732,22222.222222222223,0.7777777777777777,66.66666666666666,141122.86583936002
733,33333.333333333336,0.7777777777777777,66.66666666666666,211684.29875904002
734,44444.444444444445,0.7777777777777777,66.66666666666666,282245.73167872004
735,55555.555555555555,0.7777777777777777,66.66666666666666,352807.16459840006
736,66666.66666666667,0.7777777777777777,66.66666666666666,423368.59751808003
737,77777.77777777778,0.7777777777777777,66.66666666666666,493930.03043776006
738,88888.88888888889,0.7777777777777777,66.66666666666666,564491.4633574401
739,100000.0,0.7777777777777777,66.66666666666666,635052.8962771201
740,0.0,0.7777777777777777,88.88888888888889,0.0
741,11111.111111111111,0.7777777777777777,88.88888888888889,81477.32458116597
742,22222.222222222223,0.7777777777777777,88.88888888888889,162954.64916233195
743,33333.333333333336,0.7777777777777777,88.88888888888889,244431.9737434979
744,44444.444444444445,0.7777777777777777,88.88888888888889,325909.2983246639
745,55555.555555555555,0.7777777777777777,88.88888888888889,407386.62290582986
746,66666.66666666667,0.7777777777777777,88.88888888888889,488863.9474869958
747,77777.77777777778,0.7777777777777777,88.88888888888889,570341.2720681618
748,88888.88888888889,0.7777777777777777,88.88888888888889,651818.5966493278
749,100000.0,0.7777777777777777,88.88888888888889,733295.9212304937
750,0.0,0.7777777777777777,111.11111111111111,0.0
751,11111.111111111111,0.7777777777777777,111.11111111111111,91094.41819415084
752,22222.222222222223,0.7777777777777777,111.11111111111111,182188.8363883017
753,33333.333333333336,0.7777777777777777,111.11111111111111,273283.25458245253
754,44444.444444444445,0.7777777777777777,111.11111111111111,364377.6727766034
755,55555.555555555555,0.7777777777777777,111.11111111111111,455472.09097075416
756,66666.66666666667,0.7777777777777777,111.11111111111111,546566.5091649051
757,77777.77777777778,0.7777777777777777,111.11111111111111,637660.9273590558
758,88888.88888888889,0.7777777777777777,111.11111111111111,728755.3455532067
759,100000.0,0.7777777777777777,111.11111111111111,819849.7637473574
760,0.0,0.7777777777777777,133.33333333333331,0.0
761,11111.111111111111,0.7777777777777777,133.33333333333331,99788.93541549087
762,22222.222222222223,0.7777777777777777,133.33333333333331,199577.87083098173
763,33333.333333333336,0.7777777777777777,133.33333333333331,299366.8062464726
764,44444.444444444445,0.7777777777777777,133.33333333333331,399155.74166196346
765,55555.555555555555,0.7777777777777777,133.33333333333331,498944.6770774543
766,66666.66666666667,0.7777777777777777,133.33333333333331,598733.6124929452
767,77777.77777777778,0.7777777777777777,133.33333333333331,698522.547908436
768,88888.88888888889,0.7777777777777777,133.33333333333331,798311.4833239269
769,100000.0,0.7777777777777777,133.33333333333331,898100.4187394177
770,0.0,0.7777777777777777,155.55555555555554,0.0
771,11111.111111111111,0.7777777777777777,155.55555555555554,107784.36916632752
772,22222.222222222223,0.7777777777777777,155.55555555555554,215568.73833265505
773,33333.333333333336,0.7777777777777777,155.55555555555554,323353.1074989826
774,44444.444444444445,0.7777777777777777,155.55555555555554,431137.4766653101
775,55555.555555555555,0.7777777777777777,155.55555555555554,538921.8458316376
776,66666.66666666667,0.7777777777777777,155.55555555555554,646706.2149979651
777,77777.77777777778,0.7777777777777777,155.55555555555554,754490.5841642926
778,88888.88888888889,0.7777777777777777,155.55555555555554,862274.9533306202
779,100000.0,0.7777777777777777,155.55555555555554,970059.3224969476
780,0.0,0.7777777777777777,177.77777777777777,0.0
781,11111.111111111111,0.7777777777777777,177.77777777777777,115226.33744855967
782,22222.222222222223,0.7777777777777777,177.77777777777777,230452.67489711934
783,33333.333333333336,0.7777777777777777,177.77777777777777,345679.012345679
784,44444.444444444445,0.7777777777777777,177.77777777777777,460905.3497942387
785,55555.555555555555,0.7777777777777777,177.77777777777777,576131.6872427984
786,66666.66666666667,0.7777777777777777,177.77777777777777,691358.024691358
787,77777.77777777778,0.7777777777777777,177.77777777777777,806584.3621399177
788,88888.88888888889,0.7777777777777777,177.77777777777777,921810.6995884774
789,100000.0,0.7777777777777777,177.77777777777777,1037037.037037037
790,0.0,0.7777777777777777,200.0,0.0
791,11111.111111111111,0.7777777777777777,200.0,122215.98687174896
792,22222.222222222223,0.7777777777777777,200.0,244431.97374349792
793,33333.333333333336,0.7777777777777777,200.0,366647.96061524685
794,44444.444444444445,0.7777777777777777,200.0,488863.94748699584
795,55555.555555555555,0.7777777777777777,200.0,611079.9343587448
796,66666.66666666667,0.7777777777777777,200.0,733295.9212304937
797,77777.77777777778,0.7777777777777777,200.0,855511.9081022426
798,88888.88888888889,0.7777777777777777,200.0,977727.8949739917
799,100000.0,0.7777777777777777,200.0,1099943.8818457404
800,0.0,0.8888888888888888,0.0,0.0
801,11111.111111111111,0.8888888888888888,0.0,0.0
802,22222.222222222223,0.8888888888888888,0.0,0.0
803,33333.333333333336,0.8888888888888888,0.0,0.0
804,44444.444444444445,0.8888888888888888,0.0,0.0
805,55555.555555555555,0.8888888888888888,0.0,0.0
806,66666.66666666667,0.8888888888888888,0.0,0.0
807,77777.77777777778,0.8888888888888888,0.0,0.0
808,88888.88888888889,0.8888888888888888,0.0,0.0
809,100000.0,0.8888888888888888,0.0,0.0
810,0.0,0.8888888888888888,22.22222222222222,0.0
811,11111.111111111111,0.8888888888888888,22.22222222222222,46558.4711892377
812,22222.222222222223,0.8888888888888888,22.22222222222222,93116.9423784754
813,33333.333333333336,0.8888888888888888,22.22222222222222,139675.4135677131
814,44444.444444444445,0.8888888888888888,22.22222222222222,186233.8847569508
815,55555.555555555555,0.8888888888888888,22.22222222222222,232792.35594618847
816,66666.66666666667,0.8888888888888888,22.22222222222222,279350.8271354262
817,77777.77777777778,0.8888888888888888,22.22222222222222,325909.2983246639
818,88888.88888888889,0.8888888888888888,22.22222222222222,372467.7695139016
819,100000.0,0.8888888888888888,22.22222222222222,419026.2407031393
820,0.0,0.8888888888888888,44.44444444444444,0.0
821,11111.111111111111,0.8888888888888888,44.44444444444444,65843.62139917696
822,22222.222222222223,0.8888888888888888,44.44444444444444,131687.24279835392
823,33333.333333333336,0.8888888888888888,44.44444444444444,197530.86419753087
824,44444.444444444445,0.8888888888888888,44.44444444444444,263374.48559670785
825,55555.555555555555,0.8888888888888888,44.44444444444444,329218.10699588474
826,66666.66666666667,0.8888888888888888,44.44444444444444,395061.72839506174
827,77777.77777777778,0.8888888888888888,44.44444444444444,460905.3497942387
828,88888.88888888889,0.8888888888888888,44.44444444444444,526748.9711934157
829,100000.0,0.8888888888888888,44.44444444444444,592592.5925925926
830,0.0,0.8888888888888888,66.66666666666666,0.0
831,11111.111111111111,0.8888888888888888,66.66666666666666,80641.63762249144
832,22222.222222222223,0.8888888888888888,66.66666666666666,161283.27524498288
833,33333.333333333336,0.8888888888888888,66.66666666666666,241924.91286747437
834,44444.444444444445,0.8888888888888888,66.66666666666666,322566.55048996577
835,55555.555555555555,0.8888888888888888,66.66666666666666,403208.18811245717
836,66666.66666666667,0.8888888888888888,66.66666666666666,483849.82573494874
837,77777.77777777778,0.8888888888888888,66.66666666666666,564491.4633574401
838,88888.88888888889,0.8888888888888888,66.66666666666666,645133.1009799315
839,100000.0,0.8888888888888888,66.66666666666666,725774.738602423
840,0.0,0.8888888888888888,88.88888888888889,0.0
841,11111.111111111111,0.8888888888888888,88.88888888888889,93116.9423784754
842,22222.222222222223,0.8888888888888888,88.88888888888889,186233.8847569508
843,33333.333333333336,0.8888888888888888,88.88888888888889,279350.8271354262
844,44444.444444444445,0.8888888888888888,88.88888888888889,372467.7695139016
845,55555.555555555555,0.8888888888888888,88.88888888888889,465584.71189237694
846,66666.66666666667,0.8888888888888888,88.88888888888889,558701.6542708525
847,77777.77777777778,0.8888888888888888,88.88888888888889,651818.5966493278
848,88888.88888888889,0.8888888888888888,88.88888888888889,744935.5390278032
849,100000.0,0.8888888888888888,88.88888888888889,838052.4814062786
850,0.0,0.8888888888888888,111.11111111111111,0.0
851,11111.111111111111,0.8888888888888888,111.11111111111111,104107.90650760096
852,22222.222222222223,0.8888888888888888,111.11111111111111,208215.81301520191
853,33333.333333333336,0.8888888888888888,111.11111111111111,312323.7195228029
854,44444.444444444445,0.8888888888888888,111.11111111111111,416431.62603040383
855,55555.555555555555,0.8888888888888888,111.11111111111111,520539.53253800474
856,66666.66666666667,0.8888888888888888,111.11111111111111,624647.4390456058
857,77777.77777777778,0.8888888888888888,111.11111111111111,728755.3455532067
858,88888.88888888889,0.8888888888888888,111.11111111111111,832863.2520608077
859,100000.0,0.8888888888888888,111.11111111111111,936971.1585684087
860,0.0,0.8888888888888888,133.33333333333331,0.0
861,11111.111111111111,0.8888888888888888,133.33333333333331,114044.49761770385
862,22222.222222222223,0.8888888888888888,133.33333333333331,228088.9952354077
863,33333.333333333336,0.8888888888888888,133.33333333333331,342133.4928531116
864,44444.444444444445,0.8888888888888888,133.33333333333331,456177.9904708154
865,55555.555555555555,0.8888888888888888,133.33333333333331,570222.4880885192
866,66666.66666666667,0.8888888888888888,133.33333333333331,684266.9857062232
867,77777.77777777778,0.8888888888888888,133.33333333333331,798311.4833239269
868,88888.88888888889,0.8888888888888888,133.33333333333331,912355.9809416308
869,100000.0,0.8888888888888888,133.33333333333331,1026400.4785593346
870,0.0,0.8888888888888888,155.55555555555554,0.0
871,11111.111111111111,0.8888888888888888,155.55555555555554,123182.1361900886
872,22222.222222222223,0.8888888888888888,155.55555555555554,246364.2723801772
873,33333.333333333336,0.8888888888888888,155.55555555555554,369546.4085702658
874,44444.444444444445,0.8888888888888888,155.55555555555554,492728.5447603544
875,55555.555555555555,0.8888888888888888,155.55555555555554,615910.6809504429
876,66666.66666666667,0.8888888888888888,155.55555555555554,739092.8171405316
877,77777.77777777778,0.8888888888888888,155.55555555555554,862274.9533306202
878,88888.88888888889,0.8888888888888888,155.55555555555554,985457.0895207088
879,100000.0,0.8888888888888888,155.55555555555554,1108639.2257107974
880,0.0,0.8888888888888888,177.77777777777777,0.0
881,11111.111111111111,0.8888888888888888,177.77777777777777,131687.24279835392
882,22222.222222222223,0.8888888888888888,177.77777777777777,263374.48559670785
883,33333.333333333336,0.8888888888888888,177.77777777777777,395061.72839506174
884,44444.444444444445,0.8888888888888888,177.77777777777777,526748.9711934157
885,55555.555555555555,0.8888888888888888,177.77777777777777,658436.2139917695
886,66666.66666666667,0.8888888888888888,177.77777777777777,790123.4567901235
887,77777.77777777778,0.8888888888888888,177.77777777777777,921810.6995884774
888,88888.88888888889,0.8888888888888888,177.77777777777777,1053497.9423868314
889,100000.0,0.8888888888888888,177.77777777777777,1185185.1851851852
890,0.0,0.8888888888888888,200.0,0.0
891,11111.111111111111,0.8888888888888888,200.0,139675.41356771308
892,22222.222222222223,0.8888888888888888,200.0,279350.82713542617
893,33333.333333333336,0.8888888888888888,200.0,419026.24070313934
894,44444.444444444445,0.8888888888888888,200.0,558701.6542708523
895,55555.555555555555,0.8888888888888888,200.0,698377.0678385654
896,66666.66666666667,0.8888888888888888,200.0,838052.4814062787
897,77777.77777777778,0.8888888888888888,200.0,977727.8949739917
898,88888.88888888889,0.8888888888888888,200.0,1117403.3085417047
899,100000.0,0.8888888888888888,200.0,1257078.722109418
900,0.0,1.0,0.0,0.0
901,11111.111111111111,1.0,0.0,0.0
902,22222.222222222223,1.0,0.0,0.0
903,33333.333333333336,1.0,0.0,0.0
904,44444.444444444445,1.0,0.0,0.0
905,55555.555555555555,1.0,0.0,0.0
906,66666.66666666667,1.0,0.0,0.0
907,77777.77777777778,1.0,0.0,0.0
908,88888.88888888889,1.0,0.0,0.0
909,100000.0,1.0,0.0,0.0
910,0.0,1.0,22.22222222222222,0.0
911,11111.111111111111,1.0,22.22222222222222,52378.28008789241
912,22222.222222222223,1.0,22.22222222222222,104756.56017578482
913,33333.333333333336,1.0,22.22222222222222,157134.84026367724
914,44444.444444444445,1.0,22.22222222222222,209513.12035156964
915,55555.555555555555,1.0,22.22222222222222,261891.40043946204
916,66666.66666666667,1.0,22.22222222222222,314269.6805273545
917,77777.77777777778,1.0,22.22222222222222,366647.9606152469
918,88888.88888888889,1.0,22.22222222222222,419026.2407031393
919,100000.0,1.0,22.22222222222222,471404.5207910317
920,0.0,1.0,44.44444444444444,0.0
921,11111.111111111111,1.0,44.44444444444444,74074.07407407407
922,22222.222222222223,1.0,44.44444444444444,148148.14814814815
923,33333.333333333336,1.0,44.44444444444444,222222.22222222225
924,44444.444444444445,1.0,44.44444444444444,296296.2962962963
925,55555.555555555555,1.0,44.44444444444444,370370.3703703704
926,66666.66666666667,1.0,44.44444444444444,444444.4444444445
927,77777.77777777778,1.0,44.44444444444444,518518.51851851854
928,88888.88888888889,1.0,44.44444444444444,592592.5925925926
929,100000.0,1.0,44.44444444444444,666666.6666666667
930,0.0,1.0,66.66666666666666,0.0
931,11111.111111111111,1.0,66.66666666666666,90721.84232530287
932,22222.222222222223,1.0,66.66666666666666,181443.68465060575
933,33333.333333333336,1.0,66.66666666666666,272165.52697590867
934,44444.444444444445,1.0,66.66666666666666,362887.3693012115
935,55555.555555555555,1.0,66.66666666666666,453609.2116265144
936,66666.66666666667,1.0,66.66666666666666,544331.0539518173
937,77777.77777777778,1.0,66.66666666666666,635052.8962771202
938,88888.88888888889,1.0,66.66666666666666,725774.738602423
939,100000.0,1.0,66.66666666666666,816496.5809277259
940,0.0,1.0,88.88888888888889,0.0
941,11111.111111111111,1.0,88.88888888888889,104756.56017578482
942,22222.222222222223,1.0,88.88888888888889,209513.12035156964
943,33333.333333333336,1.0,88.88888888888889,314269.6805273545
944,44444.444444444445,1.0,88.88888888888889,419026.2407031393
945,55555.555555555555,1.0,88.88888888888889,523782.8008789241
946,66666.66666666667,1.0,88.88888888888889,628539.361054709
947,77777.77777777778,1.0,88.88888888888889,733295.9212304938
948,88888.88888888889,1.0,88.88888888888889,838052.4814062786
949,100000.0,1.0,88.88888888888889,942809.0415820634
950,0.0,1.0,111.11111111111111,0.0
951,11111.111111111111,1.0,111.11111111111111,117121.39482105109
952,22222.222222222223,1.0,111.11111111111111,234242.78964210217
953,33333.333333333336,1.0,111.11111111111111,351364.1844631533
954,44444.444444444445,1.0,111.11111111111111,468485.57928420434
955,55555.555555555555,1.0,111.11111111111111,585606.9741052554
956,66666.66666666667,1.0,111.11111111111111,702728.3689263066
957,77777.77777777778,1.0,111.11111111111111,819849.7637473576
958,88888.88888888889,1.0,111.11111111111111,936971.1585684087
959,100000.0,1.0,111.11111111111111,1054092.5533894598
960,0.0,1.0,133.33333333333331,0.0
961,11111.111111111111,1.0,133.33333333333331,128300.05981991683
962,22222.222222222223,1.0,133.33333333333331,256600.11963983366
963,33333.333333333336,1.0,133.33333333333331,384900.17945975054
964,44444.444444444445,1.0,133.33333333333331,513200.2392796673
965,55555.555555555555,1.0,133.33333333333331,641500.2990995841
966,66666.66666666667,1.0,133.33333333333331,769800.3589195011
967,77777.77777777778,1.0,133.33333333333331,898100.4187394178
968,88888.88888888889,1.0,133.33333333333331,1026400.4785593346
969,100000.0,1.0,133.33333333333331,1154700.5383792515
970,0.0,1.0,155.55555555555554,0.0
971,11111.111111111111,1.0,155.55555555555554,138579.90321384967
972,22222.222222222223,1.0,155.55555555555554,277159.80642769934
973,33333.333333333336,1.0,155.55555555555554,415739.70964154904
974,44444.444444444445,1.0,155.55555555555554,554319.6128553987
975,55555.555555555555,1.0,155.55555555555554,692899.5160692483
976,66666.66666666667,1.0,155.55555555555554,831479.4192830981
977,77777.77777777778,1.0,155.55555555555554,970059.3224969477
978,88888.88888888889,1.0,155.55555555555554,1108639.2257107974
979,100000.0,1.0,155.55555555555554,1247219.128924647
980,0.0,1.0,177.77777777777777,0.0
981,11111.111111111111,1.0,177.77777777777777,148148.14814814815
982,22222.222222222223,1.0,177.77777777777777,296296.2962962963
983,33333.333333333336,1.0,177.77777777777777,444444.4444444445
984,44444.444444444445,1.0,177.77777777777777,592592.5925925926
985,55555.555555555555,1.0,177.77777777777777,740740.7407407408
986,66666.66666666667,1.0,177.77777777777777,888888.888888889
987,77777.77777777778,1.0,177.77777777777777,1037037.0370370371
988,88888.88888888889,1.0,177.77777777777777,1185185.1851851852
989,100000.0,1.0,177.77777777777777,1333333.3333333335
990,0.0,1.0,200.0,0.0
991,11111.111111111111,1.0,200.0,157134.84026367724
992,22222.222222222223,1.0,200.0,314269.6805273545
993,33333.333333333336,1.0,200.0,471404.5207910317
994,44444.444444444445,1.0,200.0,628539.361054709
995,55555.555555555555,1.0,200.0,785674.2013183861
996,66666.66666666667,1.0,200.0,942809.0415820634
997,77777.77777777778,1.0,200.0,1099943.8818457406
998,88888.88888888889,1.0,200.0,1257078.722109418
999,100000.0,1.0,200.0,1414213.5623730952
